company_name,category,addr_street,addr_number,addr_city
KKR Financial Holdings LLC,n/a,Dryden,8,Orsay
Global X Yieldco Index ETF,n/a,Marcy,3,Annecy
trivago N.V.,n/a,High Crossing,01767,Pingling
Macquarie/First Trust Global,n/a,Maryland,2658,Tabio
"Barnes & Noble Education, Inc",Consumer Services,Bunting,671,Järfälla
"KCAP Financial, Inc.",n/a,Ridgeview,38,Wydminy
"Limbach Holdings, Inc.",Basic Industries,Bluejay,4261,Moss
BiondVax Pharmaceuticals Ltd.,Health Care,Amoth,7,Rizó
"Colony NorthStar, Inc.",n/a,Judy,94,Tílisos
Shore Bancshares Inc,Finance,Autumn Leaf,6,Lagoa
PBF Energy Inc.,Energy,Hagan,9002,Shicha
FlexShares STOXX Global ESG Impact Index Fund,n/a,Brentwood,86317,Longsheng
Cott Corporation,Consumer Non-Durables,East,2048,Rakhiv
"Threshold Pharmaceuticals, Inc.",Health Care,Boyd,34888,Arbeláez
Stone Harbor Emerging Markets Income Fund,n/a,Monterey,75,Redange-sur-Attert
Taro Pharmaceutical Industries Ltd.,Health Care,Raven,2,Višnjićevo
PennyMac Mortgage Investment Trust,n/a,Gale,23515,Khawr Maksar
Bank of America Corporation,n/a,Raven,04,Ciro Redondo
Nuveen Intermediate Duration Municipal Term Fund,n/a,Portage,2567,Pasirreungit
Veritiv Corporation,Consumer Services,Monica,1565,Ketawang
Immune Design Corp.,Health Care,Arapahoe,020,Diapaga
First Trust Brazil AlphaDEX Fund,n/a,Tennessee,7685,Nebug
Gladstone Capital Corporation,n/a,Birchwood,210,Kaminokawa
"Agile Therapeutics, Inc.",Health Care,Melody,60145,Malangabang
"Tableau Software, Inc.",Technology,Gulseth,7903,Kendayakan
Aegion Corp,Basic Industries,Ohio,1409,San Eduardo
Five Oaks Investment Corp.,n/a,Meadow Ridge,403,Portalegre
First Trust NASDAQ-100 Equal Weighted Index Fund,n/a,Oneill,71911,Kallífytos
"SunOpta, Inc.",Consumer Services,Lukken,80,Sunja
"Extreme Networks, Inc.",Technology,Mockingbird,1958,Caucaguita
"Rambus, Inc.",Technology,Dahle,00742,Xuanma
Realty Income Corporation,Consumer Services,Carberry,67,Qianjin
trivago N.V.,n/a,Bultman,62416,Emiliano Zapata
AngloGold Ashanti Limited,Basic Industries,Moose,733,Inowrocław
"Freshpet, Inc.",Consumer Non-Durables,Petterle,7545,Cachoeirinha
"Aviat Networks, Inc.",Technology,Hermina,2083,Volovets
Sun Life Financial Inc.,Finance,Superior,9524,Limeiras
Landmark Infrastructure Partners LP,Consumer Services,Declaration,866,Tsushima
"Extreme Networks, Inc.",Technology,Debs,8535,Concepción del Uruguay
"Eyegate Pharmaceuticals, Inc.",Health Care,Morning,0,Brzączowice
"Western Gas Partners, LP",Public Utilities,Amoth,48,Estoi
"Navigant Consulting, Inc.",Consumer Services,Dixon,6357,Minian
Netshoes (Cayman) Limited,Consumer Services,Anthes,6818,Pidsandawan
Protective Life Corporation,n/a,Hauk,63153,Shibetsu
Bank of America Corporation,n/a,Susan,02779,Jilma
Sotherly Hotels LP,Consumer Services,Transport,1238,Huaniao
Western Asset Mortgage Capital Corporation,Consumer Services,6th,97453,Hammam-Lif
Lattice Semiconductor Corporation,Technology,Butterfield,52,Xiaohekou
"Steel Dynamics, Inc.",Basic Industries,American,8,Kalijeruk
Innocoll Holdings,Health Care,Dakota,7926,Byala Slatina
Zumiez Inc.,Consumer Services,Basil,496,Winter Haven
iPath US Treasury Long Bond Bull ETN,Finance,Merry,4,Klyuchevskiy
Daily Journal Corp. (S.C.),Consumer Services,Grim,21176,Rāipur
"Orexigen Therapeutics, Inc.",Health Care,Mccormick,8705,Hanyuan
Consolidated Edison Inc,Public Utilities,Harbort,84,Tiblawan
"Equinix, Inc.",Consumer Services,Banding,07024,Charlesland
"SunOpta, Inc.",Consumer Services,Kim,8,Elías
Grupo Supervielle S.A.,Finance,Green Ridge,50,Chiquinquirá
Farmland Partners Inc.,Consumer Services,Morrow,55130,Zhuanqukou
"Lexicon Pharmaceuticals, Inc.",Health Care,Division,9,Ptghunk’
"ING Group, N.V.",Finance,Merry,1,Kolpny
"Harvard Bioscience, Inc.",Capital Goods,Tennyson,5321,Polloc
Baozun Inc.,Consumer Services,Bayside,3086,Encantado
"Manhattan Associates, Inc.",Technology,Hintze,6308,Weyburn
Apartment Investment and Management Company,Consumer Services,Rusk,9304,Tengah
General Electric Capital Corporation,Energy,Heffernan,40,Depok
"PS Business Parks, Inc.",n/a,Oxford,918,Ardino
"ANSYS, Inc.",Technology,Blue Bill Park,39,Jinniu
"Ra Pharmaceuticals, Inc.",Health Care,Fuller,65,Kuncen
The Carlyle Group L.P.,Finance,Corry,64074,Riofrío
New Senior Investment Group Inc.,Consumer Services,Surrey,98,Ranot
"Heartland Financial USA, Inc.",Finance,Shoshone,10767,Le Havre
BioShares Biotechnology Products Fund,n/a,Barnett,7766,Évry
Itau Unibanco Banco Holding SA,Finance,Ilene,9173,Dalupaon
"Gardner Denver Holdings, Inc.",Technology,Declaration,3,Nortelândia
Seacoast Banking Corporation of Florida,Finance,Dryden,21,Shilong
"Clean Harbors, Inc.",Basic Industries,Knutson,8256,Sbo’o
"Stemline Therapeutics, Inc.",Health Care,Steensland,6,Krajan
CBX (Listing Market NYSE Networks AE,n/a,Shoshone,73153,Curridabat
Capitol Acquisition Corp. III,Finance,Kropf,7243,Inayauan
Barclays PLC,n/a,2nd,64,Zhetian
"Marinus Pharmaceuticals, Inc.",Health Care,Hazelcrest,77655,Canmang
"Rave Restaurant Group, Inc.",Consumer Non-Durables,Kensington,70323,Jaú
"Badger Meter, Inc.",Capital Goods,Waxwing,1648,Charras
DISH Network Corporation,Consumer Services,David,4,Tarikolot
Netshoes (Cayman) Limited,Consumer Services,Hermina,58,Camagüey
"Summit Hotel Properties, Inc.",Consumer Services,Southridge,11753,Topeka
"STARWOOD PROPERTY TRUST, INC.",Consumer Services,Park Meadow,71,Xiayang
"BioDelivery Sciences International, Inc.",Health Care,Havey,475,Killorglin
"Mexico Fund, Inc. (The)",n/a,Beilfuss,697,La Paz
Lehman ABS Corporation,Finance,Scoville,78365,Duma
Kemper Corporation,Finance,Old Gate,60677,Kouvola
"Seattle Genetics, Inc.",Health Care,Nobel,6058,Tabaga
Raytheon Company,Capital Goods,Mayfield,393,Stockholm
Cemtrex Inc.,Capital Goods,Algoma,646,San Bernardino
Citigroup Inc.,n/a,Lerdahl,5085,Mosoc Llacta
VictoryShares Developed Enhanced Volatility Wtd ETF,n/a,Tennessee,99848,Curug
"Donegal Group, Inc.",Finance,Rieder,32,Boyarka
Vident Core US Equity ETF,n/a,Southridge,1829,Gombangan
"Werner Enterprises, Inc.",Transportation,Charing Cross,57,Krzęcin
Atento S.A.,Public Utilities,Crescent Oaks,09099,Municipio de Copacabana
"Discovery Communications, Inc.",Consumer Services,Florence,948,Janikowo
CHS Inc,Consumer Services,Morningstar,1,Ayapa
CRH PLC,Capital Goods,Rockefeller,82,Fort Wayne
John Hancock Preferred Income Fund,n/a,Macpherson,18251,Kandi
Kimco Realty Corporation,n/a,Algoma,4069,Stuttgart Stuttgart-Mitte
Monroe Capital Corporation,n/a,Evergreen,15,Mujães
Rayonier Advanced Materials Inc.,Basic Industries,Ronald Regan,552,Rēzekne
Pimco High Income Fund,n/a,Autumn Leaf,21332,Ōkawara
Urstadt Biddle Properties Inc.,Consumer Services,Southridge,99,Namerikawa
58.com Inc.,Technology,Northfield,318,Maracanaú
"Smith Micro Software, Inc.",Technology,Boyd,701,Suozhen
"NI Holdings, Inc.",Finance,Rutledge,392,Enzan
"Templeton Emerging Markets Income Fund, Inc.",n/a,Kennedy,7,La Loma
Legg Mason US Diversified Core ETF,n/a,Larry,9,Qingqu
Asia Pacific Wire & Cable Corporation Limited,Basic Industries,Chive,1,Untolovo
Mastercard Incorporated,Miscellaneous,Walton,93090,Hualongyan
Advent/Claymore Enhanced Growth & Income Fund,n/a,Alpine,7,Oeleon
"Apptio, Inc.",Technology,Nancy,26977,Sathon
RAIT Financial Trust,Consumer Services,Charing Cross,22,Wuduhe
The9 Limited,Miscellaneous,2nd,35,Barcelona
X-Links Silver Shares Covered Call ETN,Finance,Fallview,681,Brijest
Costamare Inc.,n/a,Hermina,890,Mangli
Hubbell Inc,Capital Goods,Loftsgordon,6356,Ronov nad Doubravou
E.I. du Pont de Nemours and Company,Basic Industries,Twin Pines,61,Chyhyryn
OM Asset Management plc,Finance,Arizona,26991,Čelopek
Methanex Corporation,Basic Industries,Waywood,3,Jingyao
Magellan Midstream Partners L.P.,Energy,Forest,47,Cipeundeuy
Kimbell Royalty Partners,Energy,Meadow Ridge,9764,Qandala
PAVmed Inc.,Health Care,Sherman,2,Peterhof
Legg Mason Global Infrastructure ETF,n/a,Truax,10,Lydenburg
Ecopetrol S.A.,Energy,Vermont,1,Nariño
TriplePoint Venture Growth BDC Corp.,n/a,Golf Course,84,Kuwait City
Psychemedics Corporation,Health Care,Transport,26,Vavuniya
Blue Capital Reinsurance Holdings Ltd.,Finance,Calypso,98453,Shilovo
The Spectranetics Corporation,Health Care,Bay,87,Nkpor
ConocoPhillips,Energy,Fuller,66586,Porta
Stamps.com Inc.,Miscellaneous,Granby,4,Balice
"SEACOR Holdings, Inc.",Transportation,Service,9398,Al Qurayn
Kenon Holdings Ltd.,Consumer Services,Corry,8,Fenghuang
Highpower International Inc,Miscellaneous,Dahle,75,Kemendung
GlaxoSmithKline PLC,Health Care,Fairview,10953,Turgenevo
Elkhorn Commodity Rotation Strategy ETF,n/a,Roxbury,91,Pilzno
Actua Corporation,Technology,Ilene,7,Genova
"Sensus Healthcare, Inc.",Health Care,Northridge,7,Trelew
Camtek Ltd.,Capital Goods,Menomonie,2,Sala
Nordson Corporation,Capital Goods,Blackbird,6,Kalapagenep
Central Federal Corporation,Finance,Evergreen,87616,Vandœuvre-lès-Nancy
Masonite International Corporation,Basic Industries,Gateway,2579,Marādah
"Hibbett Sports, Inc.",Consumer Services,Dakota,9059,Isla
Lianluo Smart Limited,Health Care,Mcguire,450,Nanyang
"H&R Block, Inc.",Consumer Services,Petterle,8,Baş Göynük
Advent Claymore Convertible Securities and Income Fund II,n/a,Oneill,26,Drybin
"51job, Inc.",Technology,Becker,5,Nanto-shi
Alleghany Corporation,Finance,Thompson,73036,Kuzovatovo
Nucor Corporation,Basic Industries,Service,4,Hengdian
"DexCom, Inc.",Health Care,Rockefeller,985,Čortanovci
Orrstown Financial Services Inc,Finance,Pepper Wood,041,Houston
"Myers Industries, Inc.",Consumer Non-Durables,Sutherland,3,Purwosari
"America Movil, S.A.B. de C.V.",Public Utilities,Eagan,45471,São Pedro
"Edgewater Technology, Inc.",Technology,Chinook,656,Pensacola
EP Energy Corporation,Energy,Redwing,33,Loen
Vident International Equity Fund,n/a,Dakota,583,Kingston
Grupo Aval Acciones y Valores S.A.,Finance,Northport,53,Mikulintsy
"KemPharm, Inc.",Health Care,Briar Crest,45127,Araripina
Reynolds American Inc,Consumer Non-Durables,Canary,437,Salto
"NV5 Global, Inc.",Consumer Services,Maywood,8183,Mtimbira
"HCP, Inc.",Consumer Services,Goodland,0270,Bayt Maqdūm
"Sunshine Bancorp, Inc.",Finance,Sheridan,2852,Aldana
M III Acquisition Corp.,Finance,Dwight,1,Qingban
"American Realty Investors, Inc.",Finance,Barby,647,Rochester
Matrix Service Company,Basic Industries,Badeau,7890,Baleber
Bright Horizons Family Solutions Inc.,Miscellaneous,Straubel,6,Songjiang
Corporate Office Properties Trust,n/a,Surrey,6149,Tabou
Royal Caribbean Cruises Ltd.,Consumer Services,Jenifer,98560,Não Me Toque
Avista Corporation,Public Utilities,Browning,21,Lorient
Diodes Incorporated,Technology,Morrow,9,Siaya
"Express, Inc.",Consumer Services,Del Sol,128,Luorong
McEwen Mining Inc.,Basic Industries,Walton,9853,Zhangpu
AXT Inc,Technology,Kropf,124,Balta
Tennessee Valley Authority,Public Utilities,Maple,59542,Makumbako
Nabriva Therapeutics AG,Health Care,Donald,59549,Salcedo
"PCM, Inc.",Consumer Services,Express,0,Cihua
"Pain Therapeutics, Inc.",Health Care,Crownhardt,2329,Zhigong
Vermilion Energy Inc.,Energy,Dexter,06693,Himeji
CBS Corporation,n/a,Kings,57,Somerset East
"Minerva Neurosciences, Inc",Health Care,Mcguire,7791,Biloxi
Healthcare Realty Trust Incorporated,Consumer Services,Norway Maple,33,Trondheim
Vanguard Russell 3000 ETF,n/a,Basil,4,Qiujima
"AG Mortgage Investment Trust, Inc.",n/a,Monica,38385,Żyrardów
Forum Merger Corporation,Finance,Moland,6,Agkathiá
"Connecture, Inc.",Technology,Manley,8415,Xiaoling
"Piedmont Office Realty Trust, Inc.",Consumer Services,Portage,1851,Opol
"Franklin Financial Network, Inc.",Finance,Utah,05060,Linao
Zynga Inc.,Technology,8th,76995,Klenak
"Iteris, Inc.",Consumer Durables,Kipling,7,Bluefields
Gabelli NextShares Trust,n/a,Cascade,9,Ploemeur
DaVita Inc.,Health Care,Cardinal,31,Anh Son
"Guaranty Federal Bancshares, Inc.",Finance,Nevada,4,Nizhnepavlovka
Bitauto Holdings Limited,Technology,Lakeland,7,Cachan
"Boston Properties, Inc.",n/a,Emmet,45382,Maji
"Sage Therapeutics, Inc.",Health Care,Weeping Birch,22927,Khŭjand
China Eastern Airlines Corporation Ltd.,Transportation,Alpine,5,Greensboro
Progenics Pharmaceuticals Inc.,Health Care,Shasta,95943,Shaliu
Newmont Mining Corporation,Basic Industries,Park Meadow,0,Weihe
"Popular, Inc.",Finance,Jenifer,031,Wuyang
"Trex Company, Inc.",Basic Industries,Florence,06,Horodyshche
J P Morgan Chase & Co,Finance,Roxbury,3,Castanheiro do Sul
Hunter Maritime Acquisition Corp.,Transportation,Hintze,578,Tamanan
"CDK Global, Inc.",Miscellaneous,Melody,12978,Não Me Toque
"Red Hat, Inc.",Technology,Stephen,0,Liuheng
Global X Robotics & Artificial Intelligence ETF,n/a,Basil,807,Demyansk
La-Z-Boy Incorporated,Consumer Durables,Daystar,78,Białobrzegi
"Ingles Markets, Incorporated",Consumer Services,Lillian,9,Lubei
"Tarena International, Inc.",Consumer Services,Hudson,210,Kadoma
Ohio Valley Banc Corp.,Finance,Sutteridge,43,Poputnaya
Zion Oil & Gas Inc,Energy,Transport,0109,Satipo
"Chembio Diagnostics, Inc.",Health Care,Blackbird,36,Jiangjing
"Boston Beer Company, Inc. (The)",Consumer Non-Durables,Harbort,27741,Gwangjeok
Flushing Financial Corporation,Finance,Havey,3,Chavão
Wintrust Financial Corporation,Finance,Melrose,741,Cincinnati
FIRST REPUBLIC BANK,n/a,Gina,4361,Khorramdarreh
Resource Capital Corp.,Consumer Services,Ramsey,939,Irosin
"FLIR Systems, Inc.",Capital Goods,Park Meadow,18,Taifu
"AG Mortgage Investment Trust, Inc.",n/a,Warner,3,Palmital
"Gray Television, Inc.",Consumer Services,Carpenter,86,Kano
"Biomerica, Inc.",Health Care,Northwestern,359,Gaiyang
"NiSource, Inc",Public Utilities,Dakota,64,Lampa
Enbridge Energy Management LLC,Energy,Merchant,9,Daxin
VivoPower International PLC,Public Utilities,Delaware,65,Saitama
"Team, Inc.",Consumer Services,Hanson,3,Postmasburg
Almost Family Inc,Health Care,Fair Oaks,07,Runaway Bay
CABCO Series 2004-101 Trust,Finance,Village Green,35,Chaoyang
Entercom Communications Corporation,Consumer Services,Hauk,4331,Nan’an
First Trust Switzerland AlphaDEX Fund,n/a,Main,616,Moch
Kingold Jewelry Inc.,Miscellaneous,Granby,94197,Banī Suhaylā
PIMCO Municipal Income Fund III,n/a,Blackbird,6,Tianchang
Vanguard International Dividend Appreciation ETF,n/a,Summit,9,Punkaharju
"DWS High Income Opportunities Fund, Inc.",n/a,Coolidge,82,Marinilla
"China Commercial Credit, Inc.",Finance,Northland,24,Vanadzor
Invesco Pennsylvania Value Municipal Income Trust,n/a,Brown,12,Saint-Priest
Aehr Test Systems,Capital Goods,Scofield,72,Methóni
"Advanced Emissions Solutions, Inc.",Basic Industries,Shopko,0458,Youlongchuan
Hancock Holding Company,Finance,Eastlawn,3,Saint-Sauveur
Xinyuan Real Estate Co Ltd,Basic Industries,Elgar,1024,Apiaí
Invesco Value Municipal Income Trust,n/a,Anderson,385,Malartic
Horizon Global Corporation,Capital Goods,Buhler,421,Syamzha
"International Seaways, Inc.",Consumer Services,Delladonna,46228,Budakovo
iShares PHLX SOX Semiconductor Sector Index Fund,n/a,Delladonna,72,Shaxi
"Energy XXI Gulf Coast, Inc.",Energy,Londonderry,4187,Iquique
First Financial Bancorp.,Finance,Charing Cross,45,Krasnogorskoye
Capitala Finance Corp.,n/a,Crest Line,1167,Tha Ruea
"National CineMedia, Inc.",Consumer Services,Golf View,6,Menlou
Teleflex Incorporated,Health Care,Graceland,327,Munsan
Aurinia Pharmaceuticals Inc,Health Care,Ridgeview,0024,Bieto
"Home BancShares, Inc.",Finance,Maryland,2110,Miragaia
"NetApp, Inc.",Technology,Lien,0,Oeba
"OraSure Technologies, Inc.",Health Care,Crownhardt,604,Qingshui
"Plantronics, Inc.",Public Utilities,Petterle,796,Kálymnos
Cytori Therapeutics Inc,Health Care,Prentice,613,Miyata
"Thai Fund, Inc. (The)",n/a,Moulton,71,Karagandy
Piper Jaffray Companies,Finance,Quincy,12639,Linton
"Under Armour, Inc.",Consumer Non-Durables,Maryland,4300,Anping
Shinhan Financial Group Co Ltd,Finance,Becker,34,Tomaševac
Verint Systems Inc.,Technology,Moland,7879,Bungbulang
"DigitalGlobe, Inc",Consumer Services,Logan,15,Huntsville
Nabors Industries Ltd.,Energy,Pleasure,042,Patrang
Hudbay Minerals Inc.,n/a,Lawn,2,Dolinsk
Frontier Communications Corporation,Public Utilities,Coleman,11,Lyon
"Brinker International, Inc.",Consumer Services,Independence,456,Chlói
1st Source Corporation,Finance,Oak,03592,Sandaogou
Aircastle Limited,Technology,Mallory,3,Najin
"Sunesis Pharmaceuticals, Inc.",Health Care,Arapahoe,2582,Honggang
UNITIL Corporation,Public Utilities,John Wall,88,San Ramón
Bank Of Montreal,n/a,7th,8676,Ryglice
Nuveen Diversified Dividend and Income Fund,n/a,Rigney,1688,Charlottenberg
Zebra Technologies Corporation,Technology,Shoshone,7,Yun’an
Quidel Corporation,Health Care,Debra,5,Svalöv
Enerplus Corporation,Energy,Twin Pines,925,Vukovije Donje
Vanguard Short-Term Inflation-Protected Securities Index Fund,n/a,Kings,3,Luzhang
"Automatic Data Processing, Inc.",Technology,Melrose,4030,Lopatyn
Coupa Software Incorporated,Technology,Homewood,230,Badung
Towne Bank,n/a,Summer Ridge,50543,Kāmyārān
Great Ajax Corp.,Consumer Services,Anzinger,59649,Fushë-Muhurr
Intercontinental Exchange Inc.,Finance,Eggendart,3092,Khinjān
CHS Inc,Consumer Services,Moose,08,Mariefred
DENTSPLY SIRONA Inc.,Health Care,Oakridge,6,Sousse
"Staffing 360 Solutions, Inc.",Technology,Leroy,12,Tianhe
Rosehill Resources Inc.,Energy,Oakridge,25,Forquilhinha
ICICI Bank Limited,Finance,Del Sol,789,Changbao
"Yum China Holdings, Inc.",Consumer Services,Hudson,785,Xiashihao
"Shiloh Industries, Inc.",Capital Goods,High Crossing,8283,Gondang
"NextEra Energy, Inc.",n/a,Florence,1848,Évreux
First South Bancorp Inc,Finance,Susan,1445,Ichuña
Allegiant Travel Company,Transportation,Farwell,1257,Perené
Nomura Holdings Inc ADR,Finance,Mcguire,801,Firenze
PowerShares KBW Regional Banking Portfolio,n/a,Melody,9,Uliastay
"Compania Cervecerias Unidas, S.A.",Consumer Non-Durables,Meadow Valley,13908,Katrineholm
Amedisys Inc,Health Care,Anthes,020,Kajuru
VEREIT Inc.,Consumer Services,Meadow Vale,07,Matam
Nova Measuring Instruments Ltd.,Capital Goods,Warbler,6,Anin
Bank Of Montreal,n/a,Hoard,41991,Quwaysinā
Hudbay Minerals Inc.,n/a,Schlimgen,9,Frisange
Nustar Energy L.P.,Energy,Mandrake,5967,Aş Şanamayn
"RTI Surgical, Inc.",Health Care,Gerald,0524,Courbevoie
"United Dominion Realty Trust, Inc.",Consumer Services,Esch,75200,Baryshivka
"Neurotrope, Inc.",Health Care,Banding,707,Putukrejo
Iron Mountain Incorporated,Consumer Services,Jenna,462,Kosava
Cott Corporation,Consumer Non-Durables,Merrick,6,Funchal
"Rockwell Automation, Inc.",Capital Goods,Grayhawk,85,Yambol
NovoCure Limited,Health Care,Hoffman,9,Sanchahe
"West Pharmaceutical Services, Inc.",Basic Industries,Maryland,7241,Bangkok
Layne Christensen Company,Basic Industries,Colorado,39682,Golek
PowerShares S&P SmallCap Industrials Portfolio,n/a,Katie,1854,Pilluana
Medallion Financial Corp.,Finance,Arapahoe,768,Protvino
"Tandy Leather Factory, Inc.",Consumer Non-Durables,Oneill,135,Bakersfield
"Moneygram International, Inc.",Miscellaneous,Toban,87399,Awilega
"Dicerna Pharmaceuticals, Inc.",Health Care,Kedzie,32,Tanglag
Tupperware Brands Corporation,Consumer Non-Durables,Kipling,60614,Pākpattan
Qwest Corporation,Public Utilities,Debra,3072,San Isidro
Enel Americas S.A.,Public Utilities,Springview,4,Ordzhonikidze
Allot Communications Ltd.,Technology,Golf View,0,Busuanga
"Banco Santander, S.A.",n/a,Gale,36851,Kyzyl-Burun
"Marsh & McLennan Companies, Inc.",Finance,Loomis,02478,Huayuanli
Campbell Soup Company,Consumer Non-Durables,Swallow,366,Mekarsari
"MobileIron, Inc.",Technology,Ludington,733,Liangshan
"Coach, Inc.",Consumer Non-Durables,Russell,76,Keelung
Sina Corporation,Technology,Brentwood,449,Baruchowo
Reading International Inc,Consumer Services,Green Ridge,54691,Cikiwul Satu
Gabelli Global Small and Mid Cap Value Trust (The),n/a,Pine View,1640,Ujsoły
Erie Indemnity Company,Finance,Nobel,040,Bungoma
"Hostess Brands, Inc.",Consumer Non-Durables,Moose,3,Moulins
FIRST REPUBLIC BANK,n/a,Declaration,02,Junxi
Lifevantage Corporation,Health Care,Buell,9037,Qanliko’l
Tronox Limited,Basic Industries,Vera,4314,Dushu
Performance Food Group Company,Consumer Non-Durables,Schlimgen,7985,Ryki
Francesca's Holdings Corporation,Consumer Services,Oriole,09,Juancheng
"Nuveen California Municipal Value Fund, Inc.",n/a,Dorton,099,Chenhu
The Charles Schwab Corporation,Finance,Eagan,905,Sayán
"Mohawk Industries, Inc.",Consumer Durables,Bluestem,16881,Qiting
Ritchie Bros. Auctioneers Incorporated,Miscellaneous,Victoria,5855,Calasgasan
"D.R. Horton, Inc.",Capital Goods,Birchwood,184,Iralaya
First Trust NASDAQ Cybersecurity ETF,n/a,Chive,3993,Meipu
"Malvern Bancorp, Inc.",Finance,Schurz,578,Ban Mai
Edwards Lifesciences Corporation,Health Care,Esch,70145,Maiorca
"Digital Realty Trust, Inc.",n/a,Kipling,09,Quintas
"Shake Shack, Inc.",Consumer Services,Badeau,37060,Magaozhuang
Vornado Realty Trust,n/a,Caliangt,902,Kambing
National Retail Properties,Consumer Services,Pierstorff,6072,Strömsund
Ladder Capital Corp,Consumer Services,Lien,01421,Daugavgrīva
Salesforce.com Inc,Technology,Lunder,5,Agboville
"Zayo Group Holdings, Inc.",Public Utilities,Eliot,21107,Clearwater
Anika Therapeutics Inc.,Health Care,Crowley,177,Jaguimitan
"First Financial Bankshares, Inc.",Finance,Bonner,7872,Huicungo
Altisource Residential Corporation,Finance,Karstens,89,Jianggu
"Exponent, Inc.",Consumer Services,Troy,6,Akron
Oxbridge Re Holdings Limited,Finance,Emmet,62201,Gubskaya
Central European Media Enterprises Ltd.,Consumer Services,Sycamore,2190,Hongqi
Territorial Bancorp Inc.,Finance,Fordem,4,Huotong
Oconee Federal Financial Corp.,Finance,Farwell,2412,Lauro de Freitas
"Momenta Pharmaceuticals, Inc.",Health Care,Parkside,42,Tiling
"Opexa Therapeutics, Inc.",Health Care,Derek,1325,Kedungwringin
"Mueller Industries, Inc.",Capital Goods,Kedzie,41,Nakhon Luang
"Fidelity National Financial, Inc.",Finance,Sunnyside,95,Winter Haven
Kemper Corporation,Finance,Kings,5679,Kropotkin
"Del Taco Restaurants, Inc.",Consumer Services,Cardinal,84,Novonukutskiy
DAQO New Energy Corp.,Technology,Lillian,11,Halteu
"Edge Therapeutics, Inc.",Health Care,Logan,68167,Longfeng
"Ultra Clean Holdings, Inc.",Technology,Eliot,0435,San Vicente
BlackRock Capital Investment Corporation,n/a,Rieder,599,Itabaiana
"Engility Holdings, Inc.",Consumer Services,Fordem,85931,Quezalguaque
Andina Acquisition Corp. II,Finance,Lotheville,05560,Cogon
Neff Corporation,Technology,Susan,32463,Jiucaizhuang
PowerShares DWA Consumer Staples Momentum Portfolio,n/a,Graedel,130,Weixin
"Washington Federal, Inc.",Finance,Briar Crest,8079,Ardabīl
SLM Corporation,Finance,John Wall,1,Floriana
AllianzGI Diversified Income & Convertible Fund,n/a,Southridge,4544,Bolhrad
Nuveen Municipal Credit Income Fund,n/a,Lakeland,45,Karjalohja
"Perficient, Inc.",Technology,Anniversary,5415,Charleston
Five Oaks Investment Corp.,n/a,Schiller,93193,Nouvelle France
"U.S. Auto Parts Network, Inc.",Consumer Services,Moland,2,Pindi Gheb
Qualstar Corporation,Technology,Petterle,425,Lāmerd
"SunTrust Banks, Inc.",n/a,Chive,03108,Jamshoro
First Trust Indxx Global Agriculture ETF,n/a,Crest Line,8702,Ejido
"HCI Group, Inc.",Finance,Packers,96,Edsbyn
"j2 Global, Inc.",Technology,Caliangt,90,Arţās
"Anthera Pharmaceuticals, Inc.",Health Care,Sugar,36553,Virbalis
Compass Diversified Holdings,Consumer Durables,Barnett,28,Bicesse
UroGen Pharma Ltd.,Health Care,Grim,4321,Vanadzor
International Business Machines Corporation,Technology,Lukken,3562,Gangsha
ePlus inc.,Technology,Kedzie,9,Kasembon
"PS Business Parks, Inc.",n/a,Almo,3,Oujiangcha
Nustar Energy L.P.,n/a,Fallview,82997,Paraíso
"Zayo Group Holdings, Inc.",Public Utilities,Eagle Crest,691,Shuiquan
AAR Corp.,Capital Goods,Sloan,187,Tamanar
Virtusa Corporation,Technology,Dottie,5155,Guangshun
Cemtrex Inc.,Capital Goods,Comanche,29,Umbultanjung
National General Holdings Corp,Finance,2nd,920,Delanggu
National Commerce Corporation,Finance,Carpenter,6,Shatura
Vident Core U.S. Bond Strategy Fund,n/a,Moulton,8,Huilong
Radian Group Inc.,Finance,Mariners Cove,750,Sukošan
Navios Maritime Holdings Inc.,n/a,Lukken,60025,Starokucherganovka
Eversource Energy,Public Utilities,Oak,5,Medovene
Harmony Merger Corp.,Public Utilities,Hovde,10,Zuitou
"Gabelli Equity Trust, Inc. (The)",n/a,Green Ridge,75489,Pakuranga
"TechTarget, Inc.",Miscellaneous,Lawn,7,Sauce
"Aspen Technology, Inc.",Technology,Mifflin,919,Baculin
"Myers Industries, Inc.",Consumer Non-Durables,Schmedeman,6985,Nevinnomyssk
AllianceBernstein Holding L.P.,Finance,Pawling,53004,Saskatoon
Caesarstone Ltd.,Capital Goods,Oak,53,Hengpi
"First Bancorp, Inc (ME)",Finance,Lyons,4712,Brescia
BLDRS Europe 100 ADR Index Fund,n/a,Warner,3050,Atlanta
"Emergent Biosolutions, Inc.",Health Care,Algoma,8036,Zhamog
China Distance Education Holdings Limited,Consumer Services,Kipling,013,Pom Prap Sattru Phai
Bank Mutual Corporation,Finance,Myrtle,5,Anren Chengguanzhen
"Anthera Pharmaceuticals, Inc.",Health Care,Mariners Cove,26,Tournai
"Real Goods Solar, Inc.",Basic Industries,Donald,846,Oke Iho
"Chiasma, Inc.",Health Care,7th,35421,Weekombaka
Bright Scholar Education Holdings Limited,Consumer Services,Gina,24345,Shiling
"Oil States International, Inc.",Energy,Glendale,6820,Paprotnia
"CryoPort, Inc.",Transportation,Glacier Hill,2,Almirante
Hewlett Packard Enterprise Company,Technology,Steensland,785,Maranura
"Jason Industries, Inc.",Consumer Durables,Buell,9717,Siding
"Quantenna Communications, Inc.",Technology,Michigan,99563,Đoan Hùng
McKesson Corporation,Health Care,Swallow,83827,Castleknock
"BioCryst Pharmaceuticals, Inc.",Health Care,Melvin,43,Votuporanga
Darling Ingredients Inc.,Consumer Non-Durables,Anderson,96801,Sambopinggir
Hecla Mining Company,Basic Industries,High Crossing,73893,Sunne
"SPX FLOW, Inc.",Technology,Rigney,50,Kisoro
NXT-ID Inc.,Consumer Services,Riverside,393,Qiaonan
"Old Second Bancorp, Inc.",Finance,Waywood,0,Washington
"Editas Medicine, Inc.",Health Care,West,953,Qelëz
"NCS Multistage Holdings, Inc.",n/a,Elmside,0860,Tahilt
Red Lion Hotels Corporation,Consumer Services,Sauthoff,4384,Konispol
ZAGG Inc,Consumer Services,Forest Dale,46,Ai Tu
Honeywell International Inc.,Capital Goods,Dixon,04,Krajan
VelocityShares 3x Long Gold ETN,Finance,Crest Line,62,Starcevica
"American Eagle Outfitters, Inc.",Consumer Services,Melby,784,Baidoa
"The Meet Group, Inc.",Consumer Services,Del Mar,8910,Almeria
"Cellectar Biosciences, Inc.",Health Care,Rusk,5661,Paobulan
Radcom Ltd.,Technology,Buena Vista,211,Millerovo
"Expeditors International of Washington, Inc.",Transportation,8th,07,Arauco
Luminex Corporation,Health Care,Sunbrook,11589,Hutang
Signature Bank,Finance,Russell,65,Shtip
E.I. du Pont de Nemours and Company,Basic Industries,South,905,Birzai
Domino's Pizza Inc,Consumer Non-Durables,Mitchell,1,Leuwipicung
"InterDigital, Inc.",Miscellaneous,Hoard,292,Kut Chum
"SiteOne Landscape Supply, Inc.",Consumer Non-Durables,Bultman,57,Rajadesa
"Real Goods Solar, Inc.",Basic Industries,Forest Dale,3780,Banyumas
"Arch Coal, Inc.",Energy,Service,16,Contramaestre
"Sigma Labs, Inc.",Consumer Durables,Straubel,9978,Flores da Cunha
"Daktronics, Inc.",Consumer Durables,Pearson,17373,Lumatil
"Adverum Biotechnologies, Inc.",Health Care,Northport,31,Changyŏn
"Clearfield, Inc.",Public Utilities,Corben,20,Hino
Exact Sciences Corporation,Health Care,Hansons,9,Betania
Starbucks Corporation,Consumer Services,Coolidge,996,Ricardo Flores Magon
Systemax Inc.,Consumer Services,Lawn,37850,Tierra Blanca
Morgan Stanley,n/a,Almo,50969,Dateng
MiX Telematics Limited,Technology,Weeping Birch,3422,Al Lubban al Gharbī
"Aclaris Therapeutics, Inc.",Health Care,Northfield,603,Washington
"Staples, Inc.",Consumer Services,Utah,9552,Tairan Camp
"Valhi, Inc.",Basic Industries,Basil,09277,Wassa-Akropong
Easterly Acquisition Corp.,Capital Goods,Cherokee,409,Dvinskoy
"PRGX Global, Inc.",Consumer Services,Norway Maple,5,Xiongji
"Becton, Dickinson and Company",Health Care,Westerfield,86044,Jinshanzui
First Trust Dorsey Wright Dynamic Focus 5 ETF,n/a,Sundown,59,Wonosari
"Team, Inc.",Consumer Services,Service,63,Znomenka
"ServiceSource International, Inc.",Miscellaneous,Packers,53729,Balakasap
ON Semiconductor Corporation,Technology,School,90,Kubangkondanglapangan
LCNB Corporation,Finance,Mockingbird,72838,Suslonger
"Argo Group International Holdings, Ltd.",Finance,Ridgeview,2,Binuangeun
WPCS International Incorporated,Consumer Services,Heffernan,8,Corralito
Allstate Corporation (The),n/a,Dixon,8412,Alfta
"NCI Building Systems, Inc.",Capital Goods,Barnett,09598,Olmos
Sussex Bancorp,Finance,Thackeray,7597,Zhoujia
Bank of America Corporation,Finance,Oriole,180,Huji
"Computer Task Group, Incorporated",Technology,Vidon,8738,Marks
Peregrine Pharmaceuticals Inc.,Health Care,Bonner,379,Novopokrovskaya
CTI Industries Corporation,Basic Industries,Service,93455,Esposende
Ascendis Pharma A/S,Health Care,Badeau,9,Kasingan
Darling Ingredients Inc.,Consumer Non-Durables,Sachtjen,94,Menuma
BlackRock Municipal Income Trust,n/a,Bartelt,12806,Randegan
"Seabridge Gold, Inc.",Basic Industries,David,45,Sebu
"Diversified Restaurant Holdings, Inc.",Consumer Services,Donald,6,Jinping
"Acasti Pharma, Inc.",Health Care,Londonderry,11,Rouen
Senior Housing Properties Trust,Consumer Services,Hoepker,29,Singosari
First American Corporation (The),Finance,Susan,578,Budy
McEwen Mining Inc.,Basic Industries,Granby,7855,Karangampel
"Anthem, Inc.",Health Care,Hansons,8232,Śródmieście
"Sigma Designs, Inc.",Technology,Main,5822,Tanahmerah
Medigus Ltd.,Health Care,Rigney,45,Huoli
Corporate Office Properties Trust,Consumer Services,Charing Cross,68919,Casais Baleal
PCSB Financial Corporation,Finance,Talisman,27349,Būr Safājah
Lightbridge Corporation,Consumer Services,Dawn,38940,Suna
"Natuzzi, S.p.A.",Consumer Durables,Grayhawk,3706,Zhaxi
"McCormick & Company, Incorporated",Consumer Non-Durables,Northport,74,Cankova
Omega Protein Corporation,Consumer Non-Durables,Esker,662,Muḩradah
Vident International Equity Fund,n/a,Aberg,6,Nizami
"Camping World Holdings, Inc.",Consumer Durables,Pond,85,Ramat HaSharon
DMC Global Inc.,Capital Goods,Hayes,8,Polýkastro
DNB Financial Corp,Finance,Dayton,7883,Patria
"Amplify Snack Brands, inc.",Consumer Non-Durables,High Crossing,59974,Bijela
Macquarie Global Infrastructure Total Return Fund Inc.,n/a,Portage,02142,Manzil Bū Zalafah
First Trust MLP and Energy Income Fund,n/a,Memorial,10,Matinao
Goldman Sachs MLP Income Opportunities Fund,n/a,Erie,57931,Reguengos de Monsaraz
"Westmoreland Resource Partners, LP",Energy,Ridge Oak,28541,Bagnères-de-Bigorre
Zix Corporation,Technology,Northfield,06,Bajo
Hancock Holding Company,Finance,Northridge,9,Sabana Grande
"HRG Group, Inc.",Miscellaneous,Cascade,86934,Makueni
Cellectis S.A.,Health Care,Sullivan,2719,Sakrand
"China Biologic Products, Inc.",Health Care,Pond,07,Topeka
"Mota Group, Inc.",n/a,Anthes,57,Guandian
Bank of America Corporation,Finance,Shasta,7346,Sviblovo
Ameris Bancorp,Finance,Towne,44,Hongchang
Eagle Materials Inc,Capital Goods,Florence,069,Mocímboa
"G-III Apparel Group, LTD.",Consumer Non-Durables,Del Mar,4,Agra
Shinhan Financial Group Co Ltd,Finance,Meadow Ridge,9072,Jeonju
Main Street Capital Corporation,n/a,Burrows,24124,Lenart v Slov. Goricah
ResMed Inc.,Health Care,Londonderry,325,Il’ka
"Colony NorthStar, Inc.",n/a,Golf,381,Chengzihe
Government Properties Income Trust,Finance,Fairview,90499,Umeå
"Barrett Business Services, Inc.",Technology,Green Ridge,86192,Banjaranyar
"Helmerich & Payne, Inc.",Energy,Mandrake,8511,Cabinteely
Central Garden & Pet Company,Consumer Durables,Swallow,2,Oklahoma City
The Middleby Corporation,Technology,Artisan,90,Ondores
Eaton Vance High Income 2021 Target Term Trust,n/a,North,78,Mengjia
"Level 3 Communications, Inc.",Public Utilities,Atwood,6,Beaverton
Unilever PLC,Basic Industries,Pankratz,541,Ādaži
"Synchronoss Technologies, Inc.",Technology,Wayridge,0,Oetua
Lamar Advertising Company,Consumer Services,Duke,83628,Bayombong
"Argo Group International Holdings, Ltd.",Finance,Heffernan,181,Sydney
Ares Management L.P.,Finance,New Castle,703,Fuying
HSBC Holdings plc,Finance,Little Fleur,726,Kragan
Hanesbrands Inc.,Consumer Services,Mallory,46,Abuyog
Medigus Ltd.,Health Care,Homewood,48,Granada
"PC-Tel, Inc.",Technology,Golf,92,Brokopondo
Companhia Paranaense de Energia (COPEL),Public Utilities,Saint Paul,203,Vani
John Hancock Financial Opportunities Fund,n/a,Trailsway,37,Shouzhan
"TJX Companies, Inc. (The)",Consumer Services,Tony,7827,Shambu
Sabine Royalty Trust,Energy,Emmet,24614,Kigoma
"ConAgra Brands, Inc.",Consumer Non-Durables,Grim,6,Detroit
Colonial High Income Municipal Trust,n/a,Meadow Ridge,104,Golubac
"U.S. Auto Parts Network, Inc.",Consumer Services,Hanover,85232,Al Abyār
"Coastway Bancorp, Inc.",Finance,Golden Leaf,9188,Ambositra
"Interface, Inc.",Consumer Durables,Village Green,16,Ma’an
Christopher & Banks Corporation,Consumer Services,Warrior,24,Perehonivka
"Guaranty Bancshares, Inc.",Finance,Rusk,4359,Aqqan
Credicorp Ltd.,Finance,Northland,5,Blarney
VelocityShares 3x Inverse Silver ETN,Finance,Ridgeview,006,Ozerki
Harmony Merger Corp.,Public Utilities,Forest Dale,71889,Le Hochet
Incyte Corporation,Health Care,Florence,3,Ede
"51job, Inc.",Technology,1st,74,Berlin
AVX Corporation,Capital Goods,Hovde,818,Santa Maria da Feira
"NAPCO Security Technologies, Inc.",Consumer Durables,Continental,06,Guaporé
Vanguard Russell 2000 Growth ETF,n/a,East,6,Wukari
Univar Inc.,Consumer Durables,Bunting,192,Shanggan
"MacroGenics, Inc.",Health Care,Monument,3,Jāndiāla Sher Khān
iStar Financial Inc.,n/a,Darwin,880,Szczaniec
First Trust Capital Strength ETF,n/a,Amoth,2229,Khao Kho
Cabot Oil & Gas Corporation,Energy,Algoma,976,Rudky
Capitala Finance Corp.,n/a,Dakota,75,Yaxi
Exelon Corporation,Public Utilities,Beilfuss,954,Kushk
"Landstar System, Inc.",Transportation,Esch,722,Kedungtulup
"Hennessy Advisors, Inc.",Finance,Fremont,94,Memphis
Highway Holdings Limited,Capital Goods,Red Cloud,433,Huangxikou
"Bancorp 34, Inc.",Finance,Holy Cross,534,Colonia Minga Porá
"Maiden Holdings, Ltd.",n/a,Kennedy,661,Cana Chapetón
"ConAgra Brands, Inc.",Consumer Non-Durables,Hintze,2511,Huacao
Cincinnati Financial Corporation,Finance,Twin Pines,12,Maastricht
"Invuity, Inc.",Health Care,Messerschmidt,50931,Kostopil’
"NextEra Energy, Inc.",n/a,Weeping Birch,75,Sandata
Cenveo Inc,Consumer Durables,Veith,899,Ust’-Dzheguta
"Viking Therapeutics, Inc.",Health Care,Kim,66204,Remiremont
Invitae Corporation,Health Care,Loftsgordon,38895,Baiquan
"Solaris Oilfield Infrastructure, Inc.",Energy,Harbort,28343,Karolinka
Lattice Semiconductor Corporation,Technology,Heath,1457,La Eduvigis
Apache Corporation,Energy,Canary,06243,Xiwu
QAD Inc.,Technology,Red Cloud,099,Chishui
AZZ Inc.,Consumer Durables,Hoepker,073,Chatuchak
Brookfield Global Listed Infrastructure Income Fund,n/a,Prairieview,3,Ciilat
Data I/O Corporation,Capital Goods,Holy Cross,4,Melaka
"BCE, Inc.",Public Utilities,Sugar,23461,Caihua
Nuveen California Quality Municipal Income Fund,n/a,Barby,44,Baiheshan
"HSN, Inc.",Consumer Services,Mayfield,9,Água Levada
"CBAK Energy Technology, Inc.",Miscellaneous,Oxford,92,Carapo
Voya Natural Resources Equity Income Fund,n/a,Birchwood,43,Izhmorskiy
"Universal Health Services, Inc.",Health Care,Oak,901,Akouda
"United Bancorp, Inc.",Finance,Dapin,9,Bungur
"Insys Therapeutics, Inc.",Health Care,Butterfield,5,Nova Era
"Evolving Systems, Inc.",Technology,Golf,8699,Simpang
MSG Networks Inc.,Consumer Services,Nova,70,Cezi
C,Energy,Straubel,88888,Liandu
"Akorn, Inc.",Health Care,Buhler,9600,Paris 03
"Sigma Labs, Inc.",Consumer Durables,Bellgrove,87619,Cerro de Pasco
First Trust Capital Strength ETF,n/a,Bowman,88,Johor Bahru
Highland Funds I,n/a,Eastwood,98,Bełżyce
IXYS Corporation,Technology,Bayside,033,Puerto Varas
Eastman Chemical Company,Basic Industries,Forster,81,Huarong
Conduent Incorporated,Miscellaneous,Pleasure,04061,Tongqing
"Fidelity National Financial, Inc.",Finance,Bay,150,Lajeado
"Sun Communities, Inc.",Consumer Services,Hoard,52,Lahān
Yingli Green Energy Holding Company Limited,Technology,Riverside,838,Kolonowskie
Hersha Hospitality Trust,n/a,Merrick,2355,Kindu
Cantel Medical Corp.,Health Care,Mallard,6,La Carlota
"Gamco Investors, Inc.",Finance,Shoshone,16,Zafarwāl
RAIT Financial Trust,Consumer Services,Pawling,2422,Hebu
Federal Realty Investment Trust,Consumer Services,La Follette,530,Hiseti
Regions Financial Corporation,n/a,Washington,6,Qilin
Ardagh Group S.A.,Consumer Durables,Westport,75633,Stockholm
Clifton Bancorp Inc.,Finance,Holmberg,307,Seres
"Allete, Inc.",Public Utilities,Kim,231,Languan
Anworth Mortgage Asset  Corporation,n/a,Eggendart,63134,Newbiggin
M III Acquisition Corp.,Finance,Dovetail,03699,Carcarañá
"United Bancshares, Inc.",Finance,Cascade,153,Stockholm
"AllianzGI NFJ Dividend, Interest & Premium Strategy Fund",Finance,Little Fleur,30,Slunj
ClearBridge Dividend Strategy ESG ETF,n/a,Basil,17,Stari Bohorodchany
Origo Acquisition Corporation,Finance,Westend,30651,Pontevedra
"The First Bancshares, Inc.",Finance,Bunker Hill,60,Pantijan No 2
"North American Energy Partners, Inc.",Energy,Myrtle,55516,Lazaro Cardenas
"GSI Technology, Inc.",Technology,Bartillon,9997,Nancaicun
Pegasystems Inc.,Technology,Aberg,10844,Wŏnsan
Oshkosh Corporation,Capital Goods,Jana,0054,Ołpiny
"Revance Therapeutics, Inc.",Health Care,Anhalt,699,Krajan Menggare
"Ottawa Bancorp, Inc.",Finance,Starling,9217,Vimmerby
"Melrose Bancorp, Inc.",Finance,Schmedeman,58955,Suodenniemi
"Stanley Black & Decker, Inc.",Capital Goods,Sunnyside,7,Guanajay
"MFA Financial, Inc.",Consumer Services,Northland,943,Muang Sing
Repros Therapeutics Inc.,Health Care,Shelley,903,Oster
West Bancorporation,Finance,Vermont,92054,Anjihai
Federal Agricultural Mortgage Corporation,n/a,Truax,9,Jindong
Washington Prime Group Inc.,n/a,Oakridge,96,Nouakchott
ON Semiconductor Corporation,Technology,Norway Maple,01,Tianjin
"Nexeo Solutions, Inc.",Consumer Durables,Manley,102,Salamrejo
Genie Energy Ltd.,n/a,Old Shore,2304,White City
GlaxoSmithKline PLC,Health Care,East,646,Isperikh
Global X SuperDividend REIT ETF,n/a,Shopko,07537,Pa Kham
CAE Inc,Miscellaneous,Mcbride,947,Morez
Federal Agricultural Mortgage Corporation,Finance,Arizona,0391,La Libertad
Stone Energy Corporation,Energy,Monterey,95,Dukuhsawah
"Dave & Buster's Entertainment, Inc.",Consumer Services,Londonderry,1,Qal‘ah-ye Shahr
Novo Nordisk A/S,Health Care,5th,616,Al Manāqil
"HarborOne Bancorp, Inc.",Finance,Maryland,9112,Cibeureum Satu
"HealthStream, Inc.",Technology,Lien,1,Langtad
Discover Financial Services,Finance,Old Shore,73608,Berlin
NASDAQ TEST STOCK,n/a,Lawn,2,Cigagade
"Nuveen New York Municipal Value Fund, Inc.",n/a,Barnett,7999,Sriwing
Rosehill Resources Inc.,Energy,Thierer,81229,Detroit
Tekla Healthcare Investors,n/a,Hansons,2,Lushnjë
"Willdan Group, Inc.",Consumer Services,East,01,Huicungo
"Genocea Biosciences, Inc.",Health Care,Myrtle,4345,Makrýgialos
Univest Corporation of Pennsylvania,Finance,Alpine,822,Pantalowice
"Intuitive Surgical, Inc.",Health Care,Myrtle,7889,Tanggung
"Achillion Pharmaceuticals, Inc.",Health Care,Towne,78866,Hane
Alliance Data Systems Corporation,Miscellaneous,Meadow Ridge,80121,Fengjia
"Prudential Financial, Inc.",Finance,Truax,06593,Abreu e Lima
RLJ Lodging Trust,Consumer Services,Ridgeway,33,Bangunharja
Nuvectra Corporation,Health Care,Pawling,5079,Ladário
"InterDigital, Inc.",Miscellaneous,Lunder,8747,Turangi
Curtiss-Wright Corporation,Technology,Briar Crest,379,Ungsang
"Zogenix, Inc.",Health Care,Merry,854,Syriam
"Chunghwa Telecom Co., Ltd.",Public Utilities,Marcy,86137,Itambacuri
"Xilinx, Inc.",Technology,Bluestem,75464,As Salţ
"Alliance HealthCare Services, Inc.",Health Care,Victoria,7355,Capiíbary
"Builders FirstSource, Inc.",Consumer Services,Dorton,38282,Osiek nad Notecią
Enerplus Corporation,Energy,Bluestem,6,Dateng
Bel Fuse Inc.,Capital Goods,Center,12,Nocaima
"Carbonite, Inc.",Technology,Bunker Hill,13,Novi Zagreb
Barington/Hilco Acquisition Corp.,Finance,Glendale,06,Yeysk
Ellington Residential Mortgage REIT,Consumer Services,Fair Oaks,35,Labnig
National Commerce Corporation,Finance,Anhalt,2018,Kaulon
Exterran Corporation,Technology,Comanche,59255,Casselman
Nuveen S&P 500 Dynamic Overwrite Fund,n/a,Tennessee,8,Beigao
Janus Henderson Group plc,Finance,Maple,0,Louisville
ConocoPhillips,Energy,Merchant,881,Santa Cruz de la Sierra
Constellation Brands Inc,n/a,Laurel,78,Göteborg
Colonial Municipal Income Trust,n/a,Katie,22943,Atuntaqui
Koss Corporation,Consumer Non-Durables,Londonderry,881,Dagohoy
"Dermira, Inc.",Health Care,Debra,88226,Ussel
The Cushing MLP Total Return Fund,n/a,Mayfield,9047,Shah Alam
"PROS Holdings, Inc.",Technology,Erie,5739,Subkowy
"Buckle, Inc. (The)",Consumer Services,Tomscot,0,Seremban
Criteo S.A.,Technology,Fair Oaks,32329,At Tibnī
Dynegy Inc.,n/a,Killdeer,9942,Nakhon Nayok
"Nuance Communications, Inc.",Technology,Rockefeller,25784,Baitashan
eBay Inc.,Miscellaneous,Clove,9592,Si’erbao
"Medical Properties Trust, Inc.",Consumer Services,Northwestern,673,Xiliu
"Tallgrass Energy Partners, LP",Public Utilities,Haas,84,Sulop
"Penske Automotive Group, Inc.",Consumer Durables,Browning,08765,Naukšēni
X-Links Silver Shares Covered Call ETN,Finance,5th,02,Elele
Bank of America Corporation,n/a,Butternut,0346,Manamrag
"Simon Property Group, Inc.",Consumer Services,Reindahl,896,Gostyń
Invesco Senior Income Trust,n/a,Katie,6,Kyzylorda
Ciner Resources LP,Basic Industries,Logan,2524,Nanzhihui
"ARC Group Worldwide, Inc.",Capital Goods,Mallory,626,Bugojno
Illinois Tool Works Inc.,Technology,Troy,9,Guay
"Eldorado Resorts, Inc.",Consumer Services,Jackson,4730,Āgaro
Wells Fargo & Company,n/a,Utah,2,Chigan
"NCI Building Systems, Inc.",Capital Goods,Lighthouse Bay,3782,Tía Juana
"PIMCO Commercial Mortgage Securities Trust, Inc.",n/a,Claremont,1,Chixi
Express Scripts Holding Company,Health Care,Drewry,9,Areeiro
NVE Corporation,Technology,Arizona,8,Xihe
WisdomTree Interest Rate Hedged High Yield Bond Fund,n/a,Muir,69685,Bābol
"TrueBlue, Inc.",Technology,Garrison,6,Pogranichnyy
"Watts Water Technologies, Inc.",Capital Goods,Duke,3,Qingdao
"Safe Bulkers, Inc",n/a,Ruskin,40,Roi Et
NewMarket Corporation,Basic Industries,Acker,64,Lanyang
Cenveo Inc,Consumer Durables,Trailsway,99,Paobokol
Putnam Master Intermediate Income Trust,n/a,Everett,08875,Gulariyā
FIRST REPUBLIC BANK,n/a,Montana,9,Hrib-Loški Potok
"AvalonBay Communities, Inc.",Consumer Services,2nd,6510,Eastern Suburbs Mc
Morgan Stanley,Finance,Maywood,976,Néa Tríglia
Public Storage,Consumer Services,Loeprich,669,Nong Khai
"FRONTEO, Inc.",n/a,Larry,512,Blois
"Opexa Therapeutics, Inc.",Health Care,Karstens,306,Jablunkov
"Celadon Group, Inc.",Transportation,Merrick,9045,Xiamujiao
Jacobs Engineering Group Inc.,Basic Industries,Arkansas,6,Kozyatyn
Colonial Intermediate High Income Fund,n/a,Melrose,9911,Misau
"Entergy Louisiana, Inc.",Public Utilities,Jackson,008,Qinjia
"Gibraltar Industries, Inc.",Capital Goods,Mockingbird,7662,Paris 13
Zion Oil & Gas Inc,Energy,Mcbride,83739,Chahe
"Simon Property Group, Inc.",n/a,Manitowish,271,Gangu Chengguanzhen
Bank of America Corporation,n/a,Bobwhite,72,Cergy-Pontoise
"Vital Therapies, Inc.",Health Care,Kim,60370,Chernyakhovsk
"Ra Pharmaceuticals, Inc.",Health Care,Lawn,1294,Ubajami
Scorpio Bulkers Inc.,Transportation,Londonderry,00,Fuchun
"Ambarella, Inc.",Technology,Vernon,5521,San Jose
"Rightside Group, Ltd.",Miscellaneous,Russell,4,Chernukha
Stellar Acquisition III Inc.,Finance,Talmadge,05,Kutorejo
Blackrock Municipal Bond Trust,n/a,Bunker Hill,00620,Goiatuba
"Premier, Inc.",Consumer Services,Roxbury,408,Mahe
Valley National Bancorp,Finance,Mandrake,91,Fatuulan
McDonald's Corporation,Consumer Services,Loomis,84315,Nijemci
Wells Fargo & Company,n/a,Nobel,517,Tomioka
Nustar Energy L.P.,Energy,Northfield,4362,Guyangan
Energous Corporation,Technology,Randy,4,Ōtawara
"Cyclacel Pharmaceuticals, Inc.",Health Care,8th,22260,Daeosin Satu
"Alexion Pharmaceuticals, Inc.",Health Care,Westport,695,Nysa
"Dave & Buster's Entertainment, Inc.",Consumer Services,Victoria,41,Drawsko
"Manitex International, Inc.",Technology,Dennis,20430,Rennes
Select Asset Inc.,Finance,Kings,86250,Arboga
Wells Fargo Global Dividend Opportunity Fund,n/a,Tony,1,Cayenne
El Paso Corporation,Public Utilities,Dovetail,51712,Cajabamba
Nuveen Michigan Quality Municipal Income Fund,n/a,Rusk,3,Tanbu
"United Bancshares, Inc.",Finance,Myrtle,00,Cibeureum
Armstrong World Industries Inc,Consumer Non-Durables,Clemons,6,Timaru
"Host Hotels & Resorts, Inc.",Consumer Services,Spaight,83616,Liugong
VelocityShares 3x Inverse Silver ETN,Finance,Transport,5,Tiantang
"United Financial Bancorp, Inc. ",Finance,Oak,1834,Xunhe
"MGP Ingredients, Inc.",Consumer Non-Durables,Goodland,58122,Xinhua
"Intuitive Surgical, Inc.",Health Care,Golf Course,416,Kotlovka
ORBCOMM Inc.,Consumer Services,Cambridge,07,Jiangchuanlu
Tsakos Energy Navigation Ltd,n/a,Sutteridge,39,Barreiro do Jaíba
Agrium Inc.,Basic Industries,Sugar,8,Wanagiri
"Take-Two Interactive Software, Inc.",Technology,Dwight,2,Noen Maprang
"PT Telekomunikasi Indonesia, Tbk",Public Utilities,Dahle,446,Pakemitan Dua
Coty Inc.,Consumer Non-Durables,Kinsman,4308,Doksy
China Telecom Corp Ltd,Public Utilities,Sommers,63,Harbin
"LM Funding America, Inc.",Finance,Namekagon,80012,Västerås
Cheetah Mobile Inc.,Technology,Little Fleur,58673,Jagong
"PhaseRx, Inc.",Health Care,Dunning,2278,Mombasa
Deckers Outdoor Corporation,Consumer Non-Durables,Debra,460,Philadelphia
"Energy XXI Gulf Coast, Inc.",Energy,Dexter,1,Calvinia
"Model N, Inc.",Technology,Sunnyside,392,Shangrao
Forestar Group Inc,Finance,Gale,472,Dalun
"Southcross Energy Partners, L.P.",Public Utilities,Cardinal,12,Curanilahue
Ohio Valley Banc Corp.,Finance,Sachtjen,02,Póvoa
"Chuy's Holdings, Inc.",Consumer Services,Grim,2,Youwei
Qwest Corporation,Public Utilities,Scofield,2686,Penggakrajeng
PAREXEL International Corporation,Health Care,Katie,37569,Conchal
FlexShares Disciplined Duration MBS Index Fund,n/a,Melby,53188,Dallas
"Baldwin & Lyons, Inc.",Finance,Lake View,4,Cikijing
Independent Bank Corp.,Finance,Mockingbird,9090,Ohrid
8point3 Energy Partners LP,Public Utilities,Claremont,4033,Huogezhuang
Lianluo Smart Limited,Health Care,Lerdahl,4149,Taza
China Rapid Finance Limited,Finance,Grim,45,Xiushan
Jumei International Holding Limited,Consumer Services,Vahlen,556,Waterloo
Abbott Laboratories,Health Care,Macpherson,2,Huangtian
ASA Gold and Precious Metals Limited,n/a,Browning,4365,Tagum
TravelCenters of America LLC,Consumer Durables,John Wall,5023,Chone
Enel Chile S.A.,Public Utilities,Comanche,35,Xiaojing
NICE Ltd,Technology,Clyde Gallagher,7,Marevo
Midatech Pharma PLC,Health Care,Hallows,9171,Tarłów
Aircastle Limited,Technology,Coolidge,408,Chelbasskaya
"PC Connection, Inc.",Consumer Services,Hermina,59232,Nowa Dęba
Tennessee Valley Authority,Public Utilities,Pine View,9,Caçapava
"Microvision, Inc.",Capital Goods,Becker,10,Tamanan
"First Hawaiian, Inc.",Finance,New Castle,5,Gaplek
"Spectrum Brands Holdings, Inc.",Miscellaneous,Basil,2993,Haoraoshan
Suncor Energy  Inc.,Energy,Cherokee,97765,Palcza
"Spark Energy, Inc.",Public Utilities,Melrose,5833,Sumbuya
Lazard Global Total Return and Income Fund,n/a,Transport,6,Wutan
"Landcadia Holdings, Inc.",Finance,Autumn Leaf,5,Bonneuil-sur-Marne
Winmark Corporation,Consumer Services,Donald,54,Venda Nova
Kitov Pharmaceuticals Holdings Ltd.,Health Care,Farragut,394,Sanhe
Public Storage,Consumer Services,Acker,63959,Donja Dubica
"Cellular Biomedicine Group, Inc.",Health Care,Bluestem,9,Tambangan
"Hudson Technologies, Inc.",Consumer Durables,Monterey,70,Młynary
"Aviragen Therapeutics, Inc.",Health Care,Mayfield,642,Kuala Baru
Medallion Financial Corp.,Finance,Westridge,39,Locminé
"Qualys, Inc.",Technology,Eagan,5,Kostarea Satu
Apartment Investment and Management Company,Consumer Services,Sundown,805,Waitangi
"Gildan Activewear, Inc.",Consumer Non-Durables,Kinsman,4,Mramani
Hutchison China MediTech Limited,Health Care,Trailsway,8,San Juan Pueblo
"Silver Spring Networks, Inc.",Technology,Green Ridge,163,Bedadung Kulon
MPLX LP,Energy,Del Sol,3,Tafí del Valle
PowerShares DWA Basic Materials Momentum Portfolio,n/a,Hoard,23150,Chernyakhovsk
Spherix Incorporated,Miscellaneous,Moulton,52050,Bang Nam Priao
"First Guaranty Bancshares, Inc.",Finance,Hagan,7,Lozova
Owens Corning Inc,Capital Goods,Loomis,9200,Crateús
"SunTrust Banks, Inc.",n/a,Bay,6,Moravský Krumlov
UGI Corporation,Public Utilities,Welch,22,Palhoça
"Loral Space and Communications, Inc.",Technology,Florence,86,San Juan
"Aware, Inc.",Technology,Nobel,2,Xifengshan
"Key Technology, Inc.",Technology,Riverside,4,Baima
Autohome Inc.,Technology,Farmco,76736,Tammela
Gulfport Energy Corporation,Energy,Gerald,66477,Changling
"Meritor, Inc.",Capital Goods,Ramsey,60348,Al ‘Ayzarīyah
"ConAgra Brands, Inc.",Consumer Non-Durables,Mayfield,78,Mtsensk
Nuveen Quality Municipal Income Fund,n/a,8th,615,Naagas
"Freshpet, Inc.",Consumer Non-Durables,Meadow Ridge,30586,Jiaohu
Arlington Asset Investment Corp,Finance,Harper,01,Da’ao
"Caseys General Stores, Inc.",Consumer Durables,Division,06971,Liboro
"CRA International,Inc.",Miscellaneous,Artisan,81,Villejuif
"Professional Diversity Network, Inc.",Technology,Banding,440,Peresvet
"New York Mortgage Trust, Inc.",Consumer Services,Bluejay,4,Huanghai
"Synthetic Fixed-Income Securities, Inc.",n/a,Namekagon,50,Longmen
"Moneygram International, Inc.",Miscellaneous,Burrows,3,Pražmo
"HCA Healthcare, Inc.",Health Care,Dwight,0215,Laojie
"Equifax, Inc.",Finance,Sugar,87,Lucma
Nuveen NASDAQ 100 Dynamic Overwrite Fund,n/a,Hanson,4669,Suru
Triangle Capital Corporation,n/a,Havey,17512,Dubki
Cognex Corporation,Capital Goods,Bowman,4757,Nīshābūr
Canadian Pacific Railway Limited,Transportation,Delaware,299,Loandjili
Videocon d2h Limited,Consumer Services,Havey,4599,Baganga
"Impax Laboratories, Inc.",Health Care,Lyons,01817,Eucaliptus
Inphi Corporation,Technology,Longview,44,Všeruby
Reynolds American Inc,Consumer Non-Durables,Granby,3,Jiujie
Fortuna Silver Mines Inc.,Basic Industries,Hintze,84510,Namangan Shahri
Rex Energy Corporation,Energy,Clove,73,Ivanivka
iShares MSCI Brazil Small-Cap ETF,n/a,Sachs,785,Zhugang
Good Times Restaurants Inc.,Consumer Services,Sugar,9070,Fuxi
Enel Chile S.A.,Public Utilities,Dottie,8,Arklow
Kamada Ltd.,Health Care,Utah,201,Lusigang
"Voya Infrastructure, Industrials and Materials Fund",n/a,Red Cloud,2,Camargo
"Immunomedics, Inc.",Health Care,South,00967,Az Zawr
Horizon Technology Finance Corporation,n/a,Bartelt,21,Ashtarak
Shenandoah Telecommunications Co,Public Utilities,1st,8,Aktogay
Highway Holdings Limited,Capital Goods,Delaware,1938,Raleigh
"Cyclacel Pharmaceuticals, Inc.",Health Care,Doe Crossing,97,Jianshe
Cousins Properties Incorporated,Consumer Services,Towne,5,Qiucun
Weatherford International plc,Energy,Kipling,2,Duyun
First Trust Managed Municipal ETF,n/a,Merchant,6657,Skien
"Baldwin & Lyons, Inc.",Finance,Bonner,75675,Ares Tengah
Medley LLC,Finance,Calypso,0219,Leme
First Trust Eurozone AlphaDEX ETF,n/a,Calypso,0809,El Cacao
Miller/Howard High Income Equity Fund,n/a,Ohio,3,Ōzu
CombiMatrix Corporation,Health Care,Mallory,640,Kobrinskoye
Abeona Therapeutics Inc.,Health Care,Moland,7,Berlin
Pebblebrook Hotel Trust,n/a,Hoard,280,Tân An
"Live Nation Entertainment, Inc.",Consumer Services,Westerfield,084,Rubirizi
"American Airlines Group, Inc.",Transportation,Jana,2,Canchaque
"China Customer Relations Centers, Inc.",Miscellaneous,Southridge,66,Caen
Blackrock Floating Rate Income Strategies Fund Inc,n/a,Onsgard,6,Linköping
Bank of Commerce Holdings (CA),Finance,Hooker,85273,Mar del Plata
Hersha Hospitality Trust,Consumer Services,Melody,12,Verkhniy Lomov
DTE Energy Company,Public Utilities,Trailsway,37,Gerdu
"American Renal Associates Holdings, Inc",Health Care,Green,05,Knysna
"Republic First Bancorp, Inc.",Finance,Manitowish,907,Tabor
"Rockwell Collins, Inc.",Capital Goods,Arkansas,46,Dalar
Blueprint Medicines Corporation,Health Care,Welch,4255,Pantin
Avista Healthcare Public Acquisition Corp.,Finance,Schlimgen,0,Carnot
"ONEOK Partners, L.P.",Public Utilities,Charing Cross,240,Skhodnya
Newmont Mining Corporation,Basic Industries,Mallard,84,Mozelos
Duff & Phelps Global Utility Income Fund Inc.,n/a,Farwell,587,Iranduba
Associated Banc-Corp,n/a,Bowman,559,Sipeng
"ILG, Inc",Finance,Springs,511,Cihaladan
"Spring Bank Pharmaceuticals, Inc.",Health Care,Mcbride,390,Millerovo
"Pulmatrix, Inc.",Health Care,Knutson,4701,Santa Inês
"Dominion Energy, Inc.",Public Utilities,Kim,79952,Paracuru
"Cullen/Frost Bankers, Inc.",Finance,Dakota,970,Huaylillas
Jensyn Acquistion Corp.,Finance,Warrior,77,Santa Cruz
Mid Penn Bancorp,Finance,American,3811,Ngamba
Monster Beverage Corporation,Consumer Non-Durables,Melvin,2864,Lopatinskiy
"PT Telekomunikasi Indonesia, Tbk",Public Utilities,Harper,273,Paris 17
Briggs & Stratton Corporation,Energy,Northport,3,Copa
DTE Energy Company,Public Utilities,Westridge,79141,Villa Florida
1st Constitution Bancorp (NJ),Finance,Thompson,2169,Andou
Gentherm Inc,Capital Goods,Bashford,16876,Krasnyy Oktyabr’
"Safeguard Scientifics, Inc.",Finance,Grasskamp,979,Wushan
Air Lease Corporation,Technology,Roxbury,23,Veternik
"Sturm, Ruger & Company, Inc.",Capital Goods,Amoth,269,Clisson
Alphabet Inc.,Technology,Calypso,8,Guantouzui
Tennessee Valley Authority,Public Utilities,5th,9061,Guadalupe
PowerShares S&P SmallCap Information Technology Portfolio,n/a,Forest,28233,Brooklyn
Trimble Inc.,Capital Goods,Stuart,7068,Yantan
iShares MSCI New Zealand Capped ETF,n/a,Lakewood Gardens,4,Longshan
Cerecor Inc.,Health Care,Boyd,7,Monte Alto
Limoneira Co,Consumer Non-Durables,Dahle,8444,Tinumpuk
"Liquidity Services, Inc.",Miscellaneous,Artisan,490,Sucha
Aspen Insurance Holdings Limited,n/a,Miller,71523,Chunghwa
Ituran Location and Control Ltd.,Consumer Non-Durables,Parkside,11,Santiago de Subrrifana
"Home Depot, Inc. (The)",Consumer Services,Eagan,2835,Guder
Pennsylvania Real Estate Investment Trust,n/a,Mifflin,57533,Chyhyryn
"Strayer Education, Inc.",Consumer Services,Buhler,51119,Vrbno pod Pradědem
Alliance California Municipal Income Fund Inc,n/a,Sherman,32679,Nato
Saratoga Investment Corp,n/a,Laurel,7,Fort Erie
Iridium Communications Inc,Consumer Durables,Independence,389,Velika
E.W. Scripps Company (The),Consumer Services,Jenifer,04945,Borūjen
Quinpario Acquisition Corp. 2,Miscellaneous,Mitchell,8,Yamango
"AxoGen, Inc.",Health Care,Mallard,46,Gwanda
The Middleby Corporation,Technology,Tennyson,7,Tver
Travelport Worldwide Limited,Consumer Services,Tony,63090,Curuggoong
AmeriServ Financial Inc.,Finance,Crescent Oaks,49596,Laventille
Invacare Corporation,Health Care,Elka,23,Ciguna
"Keane Group, Inc.",Energy,Mayer,28645,Krajan Siki
Oxbridge Re Holdings Limited,Finance,Crowley,35562,Sitovo
Research Frontiers Incorporated,Miscellaneous,Roxbury,50,Accha
Ecopetrol S.A.,Energy,Anzinger,5768,Strömstad
"EQT GP Holdings, LP",Public Utilities,Anderson,0,Sandefjord
Heritage Financial Corporation,Finance,Homewood,433,Žďár
"Nexeo Solutions, Inc.",Consumer Durables,Petterle,057,Janas
SL Green Realty Corporation,Consumer Services,Pleasure,5994,Jianjiang
"Consumer Portfolio Services, Inc.",Finance,Novick,46559,Anqing
"The Travelers Companies, Inc.",Finance,Magdeline,48021,Sūq ar Rabū‘
Eagle Point Credit Company Inc.,n/a,Graceland,90,Umbultanjung
"Foundation Medicine, Inc.",Health Care,Calypso,12713,Ongkharak
"Liquidity Services, Inc.",Miscellaneous,Barnett,19,Siparia
Formula Systems (1985) Ltd.,Technology,Eastlawn,6513,Buzet
Select Asset Inc.,Finance,5th,1391,Dongmafang
AmeriServ Financial Inc.,Finance,Helena,68515,Cibodas
Morgan Stanley,n/a,Anniversary,37746,Emiliano Zapata
IDT Corporation,Public Utilities,Mccormick,8,Petite Anse
"Covenant Transportation Group, Inc.",Transportation,Declaration,88,Suhong
"Helmerich & Payne, Inc.",Energy,Dorton,558,Jijiazhuang
"Rave Restaurant Group, Inc.",Consumer Non-Durables,Amoth,0,Corani
"Texas Capital Bancshares, Inc.",Finance,Laurel,3546,Phichit
"Dynex Capital, Inc.",Consumer Services,Jenifer,032,Binawara
"Cadiz, Inc.",Public Utilities,Pepper Wood,27457,Jiaokui
iSectors Post-MPT Growth ETF,n/a,Delaware,46,Caseros
"AmTrust Financial Services, Inc.",n/a,Upham,2,Skrzydlna
"Urban Outfitters, Inc.",Consumer Services,Helena,66353,Kropotkin
The Intergroup Corporation,Consumer Services,Doe Crossing,01822,Baraguá
"Marinus Pharmaceuticals, Inc.",Health Care,Buhler,4,Jiazhuang
Oasmia Pharmaceutical AB,Health Care,Green,3,Xiazhai
"Colony NorthStar, Inc.",n/a,International,46251,Xinchang
Abbott Laboratories,Health Care,Dexter,539,Beiqiao
Valero Energy Corporation,Energy,Lukken,40,Stavyshche
"American Renal Associates Holdings, Inc",Health Care,Fulton,1076,Libertad
Torchmark Corporation,n/a,Eastwood,61085,Brochów
"Titan International, Inc.",Basic Industries,Ilene,2,Sūrān
Intercontinental Hotels Group,Consumer Services,Emmet,6,Nova Pazova
"Champions Oncology, Inc.",Health Care,Dawn,74,Samaro
China Mobile (Hong Kong) Ltd.,Public Utilities,Cordelia,59313,Saint-Étienne
"Cypress Energy Partners, L.P.",Energy,Almo,530,Bilo
Monmouth Real Estate Investment Corporation,Consumer Services,Montana,056,Jiahe
Welltower Inc.,Consumer Services,Golf,47,Sterlibashevo
"Gabelli Equity Trust, Inc. (The)",n/a,Utah,36559,Municipio de Copacabana
"Care.com, Inc.",Consumer Services,Emmet,3,Tobias Fornier
"NuVasive, Inc.",Health Care,Larry,3527,Labège
Canadian Natural Resources Limited,Energy,Texas,18,Vancouver
"Hollysys Automation Technologies, Ltd.",Energy,Manley,96630,Богданци
Central Garden & Pet Company,Consumer Durables,Linden,22398,Kachia
"Chanticleer Holdings, Inc.",Consumer Services,Eagle Crest,28,Yingzhou
"Spirit Airlines, Inc.",Transportation,Scofield,63493,Hiji
Female Health Company (The),Basic Industries,Darwin,40,Lordelo
"Lifeway Foods, Inc.",Consumer Non-Durables,Ruskin,47809,Pallisa
First Trust RiverFront Dynamic Emerging Markets ETF,n/a,Eagan,948,Tieshan
"Treehouse Foods, Inc.",Consumer Non-Durables,Scofield,985,Ballyjamesduff
Global Payments Inc.,Miscellaneous,Sauthoff,14,Sucun
"Hologic, Inc.",Health Care,Luster,0,Oberá
Universal Technical Institute Inc,Consumer Services,Tomscot,0844,Baishan
"Midland States Bancorp, Inc.",Finance,Sage,74,Plalar
"Inovalon Holdings, Inc.",Technology,Cody,6357,Dodoma
Stone Harbor Emerging Markets Income Fund,n/a,Porter,97708,Tallahassee
"Diamond Offshore Drilling, Inc.",Energy,Meadow Vale,2,Konstantynów Łódzki
Quidel Corporation,Health Care,Rigney,794,Thị Trấn Mường Lát
Neogen Corporation,Health Care,West,8,Xingou
"Comstock Holding Companies, Inc.",Capital Goods,Union,530,San Roque
Garmin Ltd.,Capital Goods,Brentwood,54,Adraskan
"Citizens, Inc.",Finance,Steensland,4172,Pacet
Xcel Energy Inc.,Public Utilities,Wayridge,019,Arboleda
"Mitcham Industries, Inc.",Technology,New Castle,754,Chigorodó
"SunTrust Banks, Inc.",n/a,Park Meadow,400,Nyamanari
Ovid Therapeutics Inc.,Health Care,Heath,0,Miyata
"Bojangles', Inc.",Consumer Services,Fair Oaks,887,Kuantan
Primo Water Corporation,Consumer Non-Durables,Lerdahl,4986,Ocucaje
"SPI Energy Co., Ltd.",Technology,Mccormick,8,Estrada
"Communications Systems, Inc.",Public Utilities,Fairfield,889,Pyhäselkä
"Diamond Hill Investment Group, Inc.",Finance,Sauthoff,255,Lyon
"Huttig Building Products, Inc.",Consumer Services,Barby,61,Santana de Parnaíba
Celsion Corporation,Health Care,Crescent Oaks,95042,Jeong
HSBC Holdings plc,Finance,Bunker Hill,61837,Zábřeh
Waters Corporation,Capital Goods,Badeau,6,Côn Sơn
First Trust Developed Markets ex-US Small Cap AlphaDEX Fund,n/a,Green Ridge,71380,Nanshan
Quest Resource Holding Corporation.,Technology,Farwell,5,Chenghe
"Fiserv, Inc.",Technology,Clove,11454,Sịa
Eagle Growth and Income Opportunities Fund,n/a,Evergreen,66686,Rosario de Mora
iShares Core MSCI Total International Stock ETF,n/a,Schurz,9,Hai’an
"ICF International, Inc.",Consumer Services,Golf View,8,Kambing
Korea Electric Power Corporation,Public Utilities,Oxford,5274,Tangban
